insert into MOVIE (movie_id, movie_name, movie_genre) values (1, 'Eastwood on Eastwood', 'Documentary');
insert into MOVIE (movie_id, movie_name, movie_genre) values (2, 'Azumi', 'Action|Adventure|Drama|Thriller');
insert into MOVIE (movie_id, movie_name, movie_genre) values (3, 'Tennessee', 'Drama');
insert into MOVIE (movie_id, movie_name, movie_genre) values (4, 'Eyes Wide Open (Einayim Petukhoth)', 'Drama');
insert into MOVIE (movie_id, movie_name, movie_genre) values (5, 'Speak', 'Drama');
insert into MOVIE (movie_id, movie_name, movie_genre) values (6, 'This Sporting Life', 'Drama');
insert into MOVIE (movie_id, movie_name, movie_genre) values (7, 'Daughters of the Dust', 'Drama');
insert into MOVIE (movie_id, movie_name, movie_genre) values (8, 'Devil Came on Horseback, The', 'Documentary');
insert into MOVIE (movie_id, movie_name, movie_genre) values (9, 'Return of the Killer Tomatoes!', 'Comedy|Horror|Sci-Fi');
insert into MOVIE (movie_id, movie_name, movie_genre) values (10, 'Running', 'Drama');

insert into CINEMA (cinema_id, cinema_name, cinema_address, cinema_phone, cinema_link) values (1, 'Bubblebox', '7 Hintze Point', '712-863-9565', 'http://vistaprint.com/blandit/nam/nulla/integer/pede.json?in=feugiat&quam=et&fringilla=eros&rhoncus=vestibulum&mauris=ac&enim=est&leo=lacinia&rhoncus=nisi&sed=venenatis&vestibulum=tristique&sit=fusce&amet=congue&cursus=diam&id=id&turpis=ornare&integer=imperdiet&aliquet=sapien&massa=urna&id=pretium&lobortis=nisl&convallis=ut&tortor=volutpat&risus=sapien&dapibus=arcu&augue=sed&vel=augue&accumsan=aliquam&tellus=erat&nisi=volutpat&eu=in&orci=congue&mauris=etiam&lacinia=justo&sapien=etiam&quis=pretium&libero=iaculis&nullam=justo&sit=in&amet=hac&turpis=habitasse');
insert into CINEMA (cinema_id, cinema_name, cinema_address, cinema_phone, cinema_link) values (2, 'Centidel', '018 Fairview Street', '895-567-5821', 'https://rambler.ru/viverra/diam/vitae/quam/suspendisse/potenti/nullam.jpg?eleifend=justo&luctus=morbi&ultricies=ut&eu=odio&nibh=cras&quisque=mi&id=pede&justo=malesuada&sit=in&amet=imperdiet');
insert into CINEMA (cinema_id, cinema_name, cinema_address, cinema_phone, cinema_link) values (3, 'Riffpedia', '7786 Marcy Parkway', '233-391-4667', 'https://apple.com/in/congue/etiam/justo.html?consequat=consequat&morbi=metus&a=sapien&ipsum=ut&integer=nunc&a=vestibulum&nibh=ante&in=ipsum&quis=primis&justo=in&maecenas=faucibus&rhoncus=orci');
insert into CINEMA (cinema_id, cinema_name, cinema_address, cinema_phone, cinema_link) values (4, 'Skivee', '4 Westport Way', '678-880-6161', 'http://sogou.com/tincidunt/eget/tempus/vel/pede.aspx?duis=phasellus&faucibus=id&accumsan=sapien&odio=in&curabitur=sapien&convallis=iaculis&duis=congue&consequat=vivamus&dui=metus&nec=arcu&nisi=adipiscing&volutpat=molestie&eleifend=hendrerit&donec=at&ut=vulputate&dolor=vitae&morbi=nisl&vel=aenean&lectus=lectus&in=pellentesque&quam=eget&fringilla=nunc&rhoncus=donec&mauris=quis&enim=orci&leo=eget&rhoncus=orci&sed=vehicula&vestibulum=condimentum&sit=curabitur&amet=in&cursus=libero&id=ut&turpis=massa&integer=volutpat&aliquet=convallis&massa=morbi&id=odio&lobortis=odio&convallis=elementum&tortor=eu&risus=interdum&dapibus=eu&augue=tincidunt&vel=in&accumsan=leo&tellus=maecenas&nisi=pulvinar&eu=lobortis&orci=est&mauris=phasellus&lacinia=sit&sapien=amet&quis=erat&libero=nulla&nullam=tempus&sit=vivamus&amet=in&turpis=felis&elementum=eu&ligula=sapien&vehicula=cursus&consequat=vestibulum&morbi=proin&a=eu&ipsum=mi&integer=nulla&a=ac&nibh=enim&in=in&quis=tempor&justo=turpis&maecenas=nec&rhoncus=euismod&aliquam=scelerisque&lacus=quam&morbi=turpis&quis=adipiscing&tortor=lorem&id=vitae&nulla=mattis&ultrices=nibh&aliquet=ligula&maecenas=nec');
insert into CINEMA (cinema_id, cinema_name, cinema_address, cinema_phone, cinema_link) values (5, 'Photobug', '9165 Rieder Plaza', '238-284-0959', 'http://java.com/nibh.png?diam=tempus&id=vel&ornare=pede&imperdiet=morbi&sapien=porttitor&urna=lorem&pretium=id&nisl=ligula&ut=suspendisse&volutpat=ornare&sapien=consequat&arcu=lectus&sed=in&augue=est&aliquam=risus&erat=auctor&volutpat=sed&in=tristique&congue=in&etiam=tempus&justo=sit&etiam=amet&pretium=sem&iaculis=fusce&justo=consequat&in=nulla&hac=nisl&habitasse=nunc&platea=nisl&dictumst=duis&etiam=bibendum&faucibus=felis&cursus=sed&urna=interdum&ut=venenatis&tellus=turpis&nulla=enim&ut=blandit&erat=mi&id=in&mauris=porttitor&vulputate=pede&elementum=justo&nullam=eu&varius=massa&nulla=donec&facilisi=dapibus&cras=duis&non=at&velit=velit&nec=eu&nisi=est&vulputate=congue&nonummy=elementum&maecenas=in&tincidunt=hac&lacus=habitasse&at=platea&velit=dictumst&vivamus=morbi&vel=vestibulum&nulla=velit&eget=id&eros=pretium&elementum=iaculis&pellentesque=diam&quisque=erat&porta=fermentum&volutpat=justo&erat=nec&quisque=condimentum&erat=neque');
insert into CINEMA (cinema_id, cinema_name, cinema_address, cinema_phone, cinema_link) values (6, 'Buzzshare', '6861 Oakridge Center', '985-914-4133', 'http://mlb.com/orci/mauris/lacinia.png?dapibus=sapien&dolor=cum&vel=sociis&est=natoque&donec=penatibus&odio=et&justo=magnis&sollicitudin=dis&ut=parturient&suscipit=montes&a=nascetur&feugiat=ridiculus&et=mus&eros=etiam&vestibulum=vel&ac=augue&est=vestibulum&lacinia=rutrum');
insert into CINEMA (cinema_id, cinema_name, cinema_address, cinema_phone, cinema_link) values (7, 'Quimba', '415 Comanche Center', '824-307-3302', 'http://wikipedia.org/eget/eleifend/luctus/ultricies.png?ultrices=mauris&vel=non&augue=ligula&vestibulum=pellentesque&ante=ultrices&ipsum=phasellus&primis=id&in=sapien&faucibus=in&orci=sapien&luctus=iaculis&et=congue&ultrices=vivamus&posuere=metus&cubilia=arcu&curae=adipiscing&donec=molestie&pharetra=hendrerit&magna=at&vestibulum=vulputate&aliquet=vitae&ultrices=nisl&erat=aenean&tortor=lectus&sollicitudin=pellentesque&mi=eget&sit=nunc&amet=donec&lobortis=quis&sapien=orci&sapien=eget&non=orci&mi=vehicula&integer=condimentum&ac=curabitur&neque=in&duis=libero&bibendum=ut&morbi=massa&non=volutpat&quam=convallis&nec=morbi&dui=odio&luctus=odio&rutrum=elementum&nulla=eu&tellus=interdum&in=eu&sagittis=tincidunt&dui=in&vel=leo&nisl=maecenas&duis=pulvinar&ac=lobortis&nibh=est&fusce=phasellus&lacus=sit&purus=amet&aliquet=erat&at=nulla&feugiat=tempus&non=vivamus&pretium=in&quis=felis&lectus=eu&suspendisse=sapien&potenti=cursus&in=vestibulum&eleifend=proin&quam=eu&a=mi&odio=nulla&in=ac&hac=enim&habitasse=in&platea=tempor');
insert into CINEMA (cinema_id, cinema_name, cinema_address, cinema_phone, cinema_link) values (8, 'Voonix', '4 Bunting Lane', '368-483-3926', 'https://gnu.org/tortor/risus/dapibus.json?cum=etiam&sociis=faucibus&natoque=cursus&penatibus=urna&et=ut&magnis=tellus&dis=nulla&parturient=ut&montes=erat&nascetur=id&ridiculus=mauris&mus=vulputate&vivamus=elementum&vestibulum=nullam&sagittis=varius&sapien=nulla&cum=facilisi&sociis=cras&natoque=non&penatibus=velit&et=nec&magnis=nisi&dis=vulputate&parturient=nonummy&montes=maecenas&nascetur=tincidunt&ridiculus=lacus&mus=at&etiam=velit&vel=vivamus&augue=vel&vestibulum=nulla&rutrum=eget&rutrum=eros&neque=elementum&aenean=pellentesque&auctor=quisque&gravida=porta&sem=volutpat&praesent=erat');
insert into CINEMA (cinema_id, cinema_name, cinema_address, cinema_phone, cinema_link) values (9, 'Gigazoom', '6125 Debs Road', '840-948-2464', 'http://elpais.com/tellus/in/sagittis/dui/vel/nisl.xml?eget=felis&eros=donec&elementum=semper&pellentesque=sapien&quisque=a&porta=libero&volutpat=nam&erat=dui&quisque=proin&erat=leo&eros=odio&viverra=porttitor&eget=id&congue=consequat&eget=in&semper=consequat&rutrum=ut&nulla=nulla&nunc=sed&purus=accumsan&phasellus=felis&in=ut&felis=at&donec=dolor&semper=quis&sapien=odio&a=consequat&libero=varius&nam=integer&dui=ac&proin=leo&leo=pellentesque&odio=ultrices&porttitor=mattis&id=odio');
insert into CINEMA (cinema_id, cinema_name, cinema_address, cinema_phone, cinema_link) values (10, 'Wikibox', '30 Weeping Birch Court', '796-111-5543', 'https://google.co.uk/turpis/enim.png?justo=ultrices&aliquam=libero&quis=non&turpis=mattis&eget=pulvinar&elit=nulla&sodales=pede&scelerisque=ullamcorper&mauris=augue&sit=a&amet=suscipit&eros=nulla&suspendisse=elit&accumsan=ac');

insert into TIMES (Showtime_ID, CINEMA_CINEMA_ID, MOVIE_MOVIE_ID, showtimes_date, showtimes_time) values (1, 3, 10, '1676962705000', '18:09');
insert into TIMES (Showtime_ID, CINEMA_CINEMA_ID, MOVIE_MOVIE_ID, showtimes_date, showtimes_time) values (2, 3, 6, '1676078121000', '16:37');
insert into TIMES (Showtime_ID, CINEMA_CINEMA_ID, MOVIE_MOVIE_ID, showtimes_date, showtimes_time) values (3, 1, 9, '1675889778000', '13:44');
insert into TIMES (Showtime_ID, CINEMA_CINEMA_ID, MOVIE_MOVIE_ID, showtimes_date, showtimes_time) values (4, 6, 8, '1677455169000', '15:53');
insert into TIMES (Showtime_ID, CINEMA_CINEMA_ID, MOVIE_MOVIE_ID, showtimes_date, showtimes_time) values (5, 3, 2, '1676123746000', '20:33');
insert into TIMES (Showtime_ID, CINEMA_CINEMA_ID, MOVIE_MOVIE_ID, showtimes_date, showtimes_time) values (6, 1, 10, '1677090625000', '18:18');
insert into TIMES (Showtime_ID, CINEMA_CINEMA_ID, MOVIE_MOVIE_ID, showtimes_date, showtimes_time) values (7, 4, 2, '1675653440000', '12:35');
insert into TIMES (Showtime_ID, CINEMA_CINEMA_ID, MOVIE_MOVIE_ID, showtimes_date, showtimes_time) values (8, 2, 4, '1677288049000', '12:32');
insert into TIMES (Showtime_ID, CINEMA_CINEMA_ID, MOVIE_MOVIE_ID, showtimes_date, showtimes_time) values (9, 4, 5, '1676803879000', '19:36');
insert into TIMES (Showtime_ID, CINEMA_CINEMA_ID, MOVIE_MOVIE_ID, showtimes_date, showtimes_time) values (10, 5, 7, '1676416546000', '15:14');
insert into TIMES (Showtime_ID, CINEMA_CINEMA_ID, MOVIE_MOVIE_ID, showtimes_date, showtimes_time) values (11, 10, 10, '1675542330000', '18:54');
insert into TIMES (Showtime_ID, CINEMA_CINEMA_ID, MOVIE_MOVIE_ID, showtimes_date, showtimes_time) values (12, 10, 7, '1676693191000', '20:27');
insert into TIMES (Showtime_ID, CINEMA_CINEMA_ID, MOVIE_MOVIE_ID, showtimes_date, showtimes_time) values (13, 9, 3, '1676197247000', '16:31');
insert into TIMES (Showtime_ID, CINEMA_CINEMA_ID, MOVIE_MOVIE_ID, showtimes_date, showtimes_time) values (14, 9, 4, '1677200364000', '19:44');
insert into TIMES (Showtime_ID, CINEMA_CINEMA_ID, MOVIE_MOVIE_ID, showtimes_date, showtimes_time) values (15, 10, 8, '1676004093000', '15:19');
insert into TIMES (Showtime_ID, CINEMA_CINEMA_ID, MOVIE_MOVIE_ID, showtimes_date, showtimes_time) values (16, 2, 2, '1675250027000', '20:26');
insert into TIMES (Showtime_ID, CINEMA_CINEMA_ID, MOVIE_MOVIE_ID, showtimes_date, showtimes_time) values (17, 6, 8, '1675816108000', '17:44');
insert into TIMES (Showtime_ID, CINEMA_CINEMA_ID, MOVIE_MOVIE_ID, showtimes_date, showtimes_time) values (18, 10, 8, '1676868086000', '19:53');
insert into TIMES (Showtime_ID, CINEMA_CINEMA_ID, MOVIE_MOVIE_ID, showtimes_date, showtimes_time) values (19, 5, 5, '1676490683000', '12:13');
insert into TIMES (Showtime_ID, CINEMA_CINEMA_ID, MOVIE_MOVIE_ID, showtimes_date, showtimes_time) values (20, 9, 9, '1675842140000', '12:18');
insert into TIMES (Showtime_ID, CINEMA_CINEMA_ID, MOVIE_MOVIE_ID, showtimes_date, showtimes_time) values (21, 5, 8, '1676190327000', '12:53');
insert into TIMES (Showtime_ID, CINEMA_CINEMA_ID, MOVIE_MOVIE_ID, showtimes_date, showtimes_time) values (22, 4, 4, '1676866027000', '15:32');
insert into TIMES (Showtime_ID, CINEMA_CINEMA_ID, MOVIE_MOVIE_ID, showtimes_date, showtimes_time) values (23, 10, 8, '1677026215000', '13:46');
insert into TIMES (Showtime_ID, CINEMA_CINEMA_ID, MOVIE_MOVIE_ID, showtimes_date, showtimes_time) values (24, 1, 4, '1675670622000', '16:19');
insert into TIMES (Showtime_ID, CINEMA_CINEMA_ID, MOVIE_MOVIE_ID, showtimes_date, showtimes_time) values (25, 2, 10, '1675440176000', '15:09');
insert into TIMES (Showtime_ID, CINEMA_CINEMA_ID, MOVIE_MOVIE_ID, showtimes_date, showtimes_time) values (26, 6, 1, '1676120582000', '19:46');
insert into TIMES (Showtime_ID, CINEMA_CINEMA_ID, MOVIE_MOVIE_ID, showtimes_date, showtimes_time) values (27, 10, 1, '1676302242000', '17:34');
insert into TIMES (Showtime_ID, CINEMA_CINEMA_ID, MOVIE_MOVIE_ID, showtimes_date, showtimes_time) values (28, 10, 1, '1676671510000', '17:04');
insert into TIMES (Showtime_ID, CINEMA_CINEMA_ID, MOVIE_MOVIE_ID, showtimes_date, showtimes_time) values (29, 9, 5, '1676292299000', '18:14');
insert into TIMES (Showtime_ID, CINEMA_CINEMA_ID, MOVIE_MOVIE_ID, showtimes_date, showtimes_time) values (30, 2, 9, '1676194968000', '19:04');
insert into TIMES (Showtime_ID, CINEMA_CINEMA_ID, MOVIE_MOVIE_ID, showtimes_date, showtimes_time) values (31, 9, 2, '1677605204000', '20:27');
insert into TIMES (Showtime_ID, CINEMA_CINEMA_ID, MOVIE_MOVIE_ID, showtimes_date, showtimes_time) values (32, 4, 3, '1675596356000', '12:49');
insert into TIMES (Showtime_ID, CINEMA_CINEMA_ID, MOVIE_MOVIE_ID, showtimes_date, showtimes_time) values (33, 10, 7, '1675372874000', '20:28');
insert into TIMES (Showtime_ID, CINEMA_CINEMA_ID, MOVIE_MOVIE_ID, showtimes_date, showtimes_time) values (34, 1, 3, '1676315438000', '20:47');
insert into TIMES (Showtime_ID, CINEMA_CINEMA_ID, MOVIE_MOVIE_ID, showtimes_date, showtimes_time) values (35, 4, 4, '1675969036000', '20:54');
insert into TIMES (Showtime_ID, CINEMA_CINEMA_ID, MOVIE_MOVIE_ID, showtimes_date, showtimes_time) values (36, 5, 1, '1676637130000', '17:34');
insert into TIMES (Showtime_ID, CINEMA_CINEMA_ID, MOVIE_MOVIE_ID, showtimes_date, showtimes_time) values (37, 5, 1, '1676789977000', '16:49');
insert into TIMES (Showtime_ID, CINEMA_CINEMA_ID, MOVIE_MOVIE_ID, showtimes_date, showtimes_time) values (38, 4, 1, '1675543765000', '20:06');
insert into TIMES (Showtime_ID, CINEMA_CINEMA_ID, MOVIE_MOVIE_ID, showtimes_date, showtimes_time) values (39, 4, 1, '1676665167000', '18:42');
insert into TIMES (Showtime_ID, CINEMA_CINEMA_ID, MOVIE_MOVIE_ID, showtimes_date, showtimes_time) values (40, 9, 6, '1675823858000', '15:54');
insert into TIMES (Showtime_ID, CINEMA_CINEMA_ID, MOVIE_MOVIE_ID, showtimes_date, showtimes_time) values (41, 1, 4, '1677386987000', '16:53');
insert into TIMES (Showtime_ID, CINEMA_CINEMA_ID, MOVIE_MOVIE_ID, showtimes_date, showtimes_time) values (42, 10, 10, '1677353050000', '16:54');
insert into TIMES (Showtime_ID, CINEMA_CINEMA_ID, MOVIE_MOVIE_ID, showtimes_date, showtimes_time) values (43, 10, 5, '1675726546000', '16:03');
insert into TIMES (Showtime_ID, CINEMA_CINEMA_ID, MOVIE_MOVIE_ID, showtimes_date, showtimes_time) values (44, 2, 1, '1677369744000', '20:07');
insert into TIMES (Showtime_ID, CINEMA_CINEMA_ID, MOVIE_MOVIE_ID, showtimes_date, showtimes_time) values (45, 9, 10, '1676232629000', '13:37');
insert into TIMES (Showtime_ID, CINEMA_CINEMA_ID, MOVIE_MOVIE_ID, showtimes_date, showtimes_time) values (46, 9, 6, '1676869721000', '13:28');
insert into TIMES (Showtime_ID, CINEMA_CINEMA_ID, MOVIE_MOVIE_ID, showtimes_date, showtimes_time) values (47, 7, 7, '1676481017000', '15:50');
insert into TIMES (Showtime_ID, CINEMA_CINEMA_ID, MOVIE_MOVIE_ID, showtimes_date, showtimes_time) values (48, 8, 6, '1675338393000', '13:27');
insert into TIMES (Showtime_ID, CINEMA_CINEMA_ID, MOVIE_MOVIE_ID, showtimes_date, showtimes_time) values (49, 4, 2, '1676473213000', '16:05');
insert into TIMES (Showtime_ID, CINEMA_CINEMA_ID, MOVIE_MOVIE_ID, showtimes_date, showtimes_time) values (50, 6, 4, '1676921336000', '14:53');
