insert into MOVIE (movie_id, movie_name, movie_genre) values (1, 'Eastwood on Eastwood', 'Documentary');
insert into MOVIE (movie_id, movie_name, movie_genre) values (2, 'Azumi', 'Action|Adventure|Drama|Thriller');
insert into MOVIE (movie_id, movie_name, movie_genre) values (3, 'Tennessee', 'Drama');
insert into MOVIE (movie_id, movie_name, movie_genre) values (4, 'Eyes Wide Open (Einayim Petukhoth)', 'Drama');
insert into MOVIE (movie_id, movie_name, movie_genre) values (5, 'Speak', 'Drama');
insert into MOVIE (movie_id, movie_name, movie_genre) values (6, 'This Sporting Life', 'Drama');
insert into MOVIE (movie_id, movie_name, movie_genre) values (7, 'Daughters of the Dust', 'Drama');
insert into MOVIE (movie_id, movie_name, movie_genre) values (8, 'Devil Came on Horseback, The', 'Documentary');
insert into MOVIE (movie_id, movie_name, movie_genre) values (9, 'Return of the Killer Tomatoes!', 'Comedy|Horror|Sci-Fi');
insert into MOVIE (movie_id, movie_name, movie_genre) values (10, 'Running', 'Drama');

insert into CINEMA (cinema_id, cinema_name, cinema_address, cinema_phone, cinema_link) values (1, 'Bubblebox', '7 Hintze Point', '712-863-9565', 'http://vistaprint.com/blandit/nam/nulla/integer/pede.json?in=feugiat&quam=et&fringilla=eros&rhoncus=vestibulum&mauris=ac&enim=est&leo=lacinia&rhoncus=nisi&sed=venenatis&vestibulum=tristique&sit=fusce&amet=congue&cursus=diam&id=id&turpis=ornare&integer=imperdiet&aliquet=sapien&massa=urna&id=pretium&lobortis=nisl&convallis=ut&tortor=volutpat&risus=sapien&dapibus=arcu&augue=sed&vel=augue&accumsan=aliquam&tellus=erat&nisi=volutpat&eu=in&orci=congue&mauris=etiam&lacinia=justo&sapien=etiam&quis=pretium&libero=iaculis&nullam=justo&sit=in&amet=hac&turpis=habitasse');
insert into CINEMA (cinema_id, cinema_name, cinema_address, cinema_phone, cinema_link) values (2, 'Centidel', '018 Fairview Street', '895-567-5821', 'https://rambler.ru/viverra/diam/vitae/quam/suspendisse/potenti/nullam.jpg?eleifend=justo&luctus=morbi&ultricies=ut&eu=odio&nibh=cras&quisque=mi&id=pede&justo=malesuada&sit=in&amet=imperdiet');
insert into CINEMA (cinema_id, cinema_name, cinema_address, cinema_phone, cinema_link) values (3, 'Riffpedia', '7786 Marcy Parkway', '233-391-4667', 'https://apple.com/in/congue/etiam/justo.html?consequat=consequat&morbi=metus&a=sapien&ipsum=ut&integer=nunc&a=vestibulum&nibh=ante&in=ipsum&quis=primis&justo=in&maecenas=faucibus&rhoncus=orci');
insert into CINEMA (cinema_id, cinema_name, cinema_address, cinema_phone, cinema_link) values (4, 'Skivee', '4 Westport Way', '678-880-6161', 'http://sogou.com/tincidunt/eget/tempus/vel/pede.aspx?duis=phasellus&faucibus=id&accumsan=sapien&odio=in&curabitur=sapien&convallis=iaculis&duis=congue&consequat=vivamus&dui=metus&nec=arcu&nisi=adipiscing&volutpat=molestie&eleifend=hendrerit&donec=at&ut=vulputate&dolor=vitae&morbi=nisl&vel=aenean&lectus=lectus&in=pellentesque&quam=eget&fringilla=nunc&rhoncus=donec&mauris=quis&enim=orci&leo=eget&rhoncus=orci&sed=vehicula&vestibulum=condimentum&sit=curabitur&amet=in&cursus=libero&id=ut&turpis=massa&integer=volutpat&aliquet=convallis&massa=morbi&id=odio&lobortis=odio&convallis=elementum&tortor=eu&risus=interdum&dapibus=eu&augue=tincidunt&vel=in&accumsan=leo&tellus=maecenas&nisi=pulvinar&eu=lobortis&orci=est&mauris=phasellus&lacinia=sit&sapien=amet&quis=erat&libero=nulla&nullam=tempus&sit=vivamus&amet=in&turpis=felis&elementum=eu&ligula=sapien&vehicula=cursus&consequat=vestibulum&morbi=proin&a=eu&ipsum=mi&integer=nulla&a=ac&nibh=enim&in=in&quis=tempor&justo=turpis&maecenas=nec&rhoncus=euismod&aliquam=scelerisque&lacus=quam&morbi=turpis&quis=adipiscing&tortor=lorem&id=vitae&nulla=mattis&ultrices=nibh&aliquet=ligula&maecenas=nec');
insert into CINEMA (cinema_id, cinema_name, cinema_address, cinema_phone, cinema_link) values (5, 'Photobug', '9165 Rieder Plaza', '238-284-0959', 'http://java.com/nibh.png?diam=tempus&id=vel&ornare=pede&imperdiet=morbi&sapien=porttitor&urna=lorem&pretium=id&nisl=ligula&ut=suspendisse&volutpat=ornare&sapien=consequat&arcu=lectus&sed=in&augue=est&aliquam=risus&erat=auctor&volutpat=sed&in=tristique&congue=in&etiam=tempus&justo=sit&etiam=amet&pretium=sem&iaculis=fusce&justo=consequat&in=nulla&hac=nisl&habitasse=nunc&platea=nisl&dictumst=duis&etiam=bibendum&faucibus=felis&cursus=sed&urna=interdum&ut=venenatis&tellus=turpis&nulla=enim&ut=blandit&erat=mi&id=in&mauris=porttitor&vulputate=pede&elementum=justo&nullam=eu&varius=massa&nulla=donec&facilisi=dapibus&cras=duis&non=at&velit=velit&nec=eu&nisi=est&vulputate=congue&nonummy=elementum&maecenas=in&tincidunt=hac&lacus=habitasse&at=platea&velit=dictumst&vivamus=morbi&vel=vestibulum&nulla=velit&eget=id&eros=pretium&elementum=iaculis&pellentesque=diam&quisque=erat&porta=fermentum&volutpat=justo&erat=nec&quisque=condimentum&erat=neque');
insert into CINEMA (cinema_id, cinema_name, cinema_address, cinema_phone, cinema_link) values (6, 'Buzzshare', '6861 Oakridge Center', '985-914-4133', 'http://mlb.com/orci/mauris/lacinia.png?dapibus=sapien&dolor=cum&vel=sociis&est=natoque&donec=penatibus&odio=et&justo=magnis&sollicitudin=dis&ut=parturient&suscipit=montes&a=nascetur&feugiat=ridiculus&et=mus&eros=etiam&vestibulum=vel&ac=augue&est=vestibulum&lacinia=rutrum');
insert into CINEMA (cinema_id, cinema_name, cinema_address, cinema_phone, cinema_link) values (7, 'Quimba', '415 Comanche Center', '824-307-3302', 'http://wikipedia.org/eget/eleifend/luctus/ultricies.png?ultrices=mauris&vel=non&augue=ligula&vestibulum=pellentesque&ante=ultrices&ipsum=phasellus&primis=id&in=sapien&faucibus=in&orci=sapien&luctus=iaculis&et=congue&ultrices=vivamus&posuere=metus&cubilia=arcu&curae=adipiscing&donec=molestie&pharetra=hendrerit&magna=at&vestibulum=vulputate&aliquet=vitae&ultrices=nisl&erat=aenean&tortor=lectus&sollicitudin=pellentesque&mi=eget&sit=nunc&amet=donec&lobortis=quis&sapien=orci&sapien=eget&non=orci&mi=vehicula&integer=condimentum&ac=curabitur&neque=in&duis=libero&bibendum=ut&morbi=massa&non=volutpat&quam=convallis&nec=morbi&dui=odio&luctus=odio&rutrum=elementum&nulla=eu&tellus=interdum&in=eu&sagittis=tincidunt&dui=in&vel=leo&nisl=maecenas&duis=pulvinar&ac=lobortis&nibh=est&fusce=phasellus&lacus=sit&purus=amet&aliquet=erat&at=nulla&feugiat=tempus&non=vivamus&pretium=in&quis=felis&lectus=eu&suspendisse=sapien&potenti=cursus&in=vestibulum&eleifend=proin&quam=eu&a=mi&odio=nulla&in=ac&hac=enim&habitasse=in&platea=tempor');
insert into CINEMA (cinema_id, cinema_name, cinema_address, cinema_phone, cinema_link) values (8, 'Voonix', '4 Bunting Lane', '368-483-3926', 'https://gnu.org/tortor/risus/dapibus.json?cum=etiam&sociis=faucibus&natoque=cursus&penatibus=urna&et=ut&magnis=tellus&dis=nulla&parturient=ut&montes=erat&nascetur=id&ridiculus=mauris&mus=vulputate&vivamus=elementum&vestibulum=nullam&sagittis=varius&sapien=nulla&cum=facilisi&sociis=cras&natoque=non&penatibus=velit&et=nec&magnis=nisi&dis=vulputate&parturient=nonummy&montes=maecenas&nascetur=tincidunt&ridiculus=lacus&mus=at&etiam=velit&vel=vivamus&augue=vel&vestibulum=nulla&rutrum=eget&rutrum=eros&neque=elementum&aenean=pellentesque&auctor=quisque&gravida=porta&sem=volutpat&praesent=erat');
insert into CINEMA (cinema_id, cinema_name, cinema_address, cinema_phone, cinema_link) values (9, 'Gigazoom', '6125 Debs Road', '840-948-2464', 'http://elpais.com/tellus/in/sagittis/dui/vel/nisl.xml?eget=felis&eros=donec&elementum=semper&pellentesque=sapien&quisque=a&porta=libero&volutpat=nam&erat=dui&quisque=proin&erat=leo&eros=odio&viverra=porttitor&eget=id&congue=consequat&eget=in&semper=consequat&rutrum=ut&nulla=nulla&nunc=sed&purus=accumsan&phasellus=felis&in=ut&felis=at&donec=dolor&semper=quis&sapien=odio&a=consequat&libero=varius&nam=integer&dui=ac&proin=leo&leo=pellentesque&odio=ultrices&porttitor=mattis&id=odio');
insert into CINEMA (cinema_id, cinema_name, cinema_address, cinema_phone, cinema_link) values (10, 'Wikibox', '30 Weeping Birch Court', '796-111-5543', 'https://google.co.uk/turpis/enim.png?justo=ultrices&aliquam=libero&quis=non&turpis=mattis&eget=pulvinar&elit=nulla&sodales=pede&scelerisque=ullamcorper&mauris=augue&sit=a&amet=suscipit&eros=nulla&suspendisse=elit&accumsan=ac');

insert into TIMES (showtime_ID, CINEMA_CINEMA_ID, MOVIE_MOVIE_ID, showtimes_date, showtimes_time) values (1, 9, 4, '10/4/2022', '10:30 PM');
insert into TIMES (showtime_ID, CINEMA_CINEMA_ID, MOVIE_MOVIE_ID, showtimes_date, showtimes_time) values (2, 8, 10, '10/28/2022', '10:23 PM');
insert into TIMES (showtime_ID, CINEMA_CINEMA_ID, MOVIE_MOVIE_ID, showtimes_date, showtimes_time) values (3, 5, 8, '2/26/2022', '10:24 PM');
insert into TIMES (showtime_ID, CINEMA_CINEMA_ID, MOVIE_MOVIE_ID, showtimes_date, showtimes_time) values (4, 6, 9, '6/17/2022', '5:39 PM');
insert into TIMES (showtime_ID, CINEMA_CINEMA_ID, MOVIE_MOVIE_ID, showtimes_date, showtimes_time) values (5, 5, 3, '7/11/2022', '2:49 PM');
insert into TIMES (showtime_ID, CINEMA_CINEMA_ID, MOVIE_MOVIE_ID, showtimes_date, showtimes_time) values (6, 7, 9, '8/12/2022', '2:07 PM');
insert into TIMES (showtime_ID, CINEMA_CINEMA_ID, MOVIE_MOVIE_ID, showtimes_date, showtimes_time) values (7, 4, 9, '5/9/2022', '2:23 PM');
insert into TIMES (showtime_ID, CINEMA_CINEMA_ID, MOVIE_MOVIE_ID, showtimes_date, showtimes_time) values (8, 10, 5, '4/30/2022', '6:04 PM');
insert into TIMES (showtime_ID, CINEMA_CINEMA_ID, MOVIE_MOVIE_ID, showtimes_date, showtimes_time) values (9, 6, 7, '11/22/2022', '7:58 PM');
insert into TIMES (showtime_ID, CINEMA_CINEMA_ID, MOVIE_MOVIE_ID, showtimes_date, showtimes_time) values (10, 9, 1, '7/11/2022', '9:41 PM');
insert into TIMES (showtime_ID, CINEMA_CINEMA_ID, MOVIE_MOVIE_ID, showtimes_date, showtimes_time) values (11, 3, 1, '11/9/2022', '7:25 PM');
insert into TIMES (showtime_ID, CINEMA_CINEMA_ID, MOVIE_MOVIE_ID, showtimes_date, showtimes_time) values (12, 1, 5, '12/17/2022', '6:59 PM');
insert into TIMES (showtime_ID, CINEMA_CINEMA_ID, MOVIE_MOVIE_ID, showtimes_date, showtimes_time) values (13, 10, 7, '1/3/2023', '5:55 PM');
insert into TIMES (showtime_ID, CINEMA_CINEMA_ID, MOVIE_MOVIE_ID, showtimes_date, showtimes_time) values (14, 8, 9, '8/10/2022', '9:55 PM');
insert into TIMES (showtime_ID, CINEMA_CINEMA_ID, MOVIE_MOVIE_ID, showtimes_date, showtimes_time) values (15, 9, 9, '12/14/2022', '6:10 PM');
insert into TIMES (showtime_ID, CINEMA_CINEMA_ID, MOVIE_MOVIE_ID, showtimes_date, showtimes_time) values (16, 8, 6, '4/8/2022', '2:51 PM');
insert into TIMES (showtime_ID, CINEMA_CINEMA_ID, MOVIE_MOVIE_ID, showtimes_date, showtimes_time) values (17, 3, 10, '6/19/2022', '3:22 PM');
insert into TIMES (showtime_ID, CINEMA_CINEMA_ID, MOVIE_MOVIE_ID, showtimes_date, showtimes_time) values (18, 1, 7, '9/10/2022', '5:41 PM');
insert into TIMES (showtime_ID, CINEMA_CINEMA_ID, MOVIE_MOVIE_ID, showtimes_date, showtimes_time) values (19, 10, 10, '6/21/2022', '10:32 PM');
insert into TIMES (showtime_ID, CINEMA_CINEMA_ID, MOVIE_MOVIE_ID, showtimes_date, showtimes_time) values (20, 3, 10, '6/15/2022', '3:08 PM');
insert into TIMES (showtime_ID, CINEMA_CINEMA_ID, MOVIE_MOVIE_ID, showtimes_date, showtimes_time) values (21, 3, 1, '4/15/2022', '9:33 PM');
insert into TIMES (showtime_ID, CINEMA_CINEMA_ID, MOVIE_MOVIE_ID, showtimes_date, showtimes_time) values (22, 7, 9, '8/13/2022', '10:27 PM');
insert into TIMES (showtime_ID, CINEMA_CINEMA_ID, MOVIE_MOVIE_ID, showtimes_date, showtimes_time) values (23, 6, 2, '11/19/2022', '10:22 PM');
insert into TIMES (showtime_ID, CINEMA_CINEMA_ID, MOVIE_MOVIE_ID, showtimes_date, showtimes_time) values (24, 9, 8, '5/30/2022', '9:04 PM');
insert into TIMES (showtime_ID, CINEMA_CINEMA_ID, MOVIE_MOVIE_ID, showtimes_date, showtimes_time) values (25, 9, 6, '4/13/2022', '3:38 PM');
insert into TIMES (showtime_ID, CINEMA_CINEMA_ID, MOVIE_MOVIE_ID, showtimes_date, showtimes_time) values (26, 7, 3, '11/6/2022', '5:00 PM');
insert into TIMES (showtime_ID, CINEMA_CINEMA_ID, MOVIE_MOVIE_ID, showtimes_date, showtimes_time) values (27, 9, 5, '8/8/2022', '10:41 PM');
insert into TIMES (showtime_ID, CINEMA_CINEMA_ID, MOVIE_MOVIE_ID, showtimes_date, showtimes_time) values (28, 10, 8, '3/20/2022', '9:14 PM');
insert into TIMES (showtime_ID, CINEMA_CINEMA_ID, MOVIE_MOVIE_ID, showtimes_date, showtimes_time) values (29, 3, 9, '12/27/2022', '10:46 PM');
insert into TIMES (showtime_ID, CINEMA_CINEMA_ID, MOVIE_MOVIE_ID, showtimes_date, showtimes_time) values (30, 7, 5, '9/14/2022', '10:25 PM');
insert into TIMES (showtime_ID, CINEMA_CINEMA_ID, MOVIE_MOVIE_ID, showtimes_date, showtimes_time) values (31, 3, 6, '12/19/2022', '5:37 PM');
insert into TIMES (showtime_ID, CINEMA_CINEMA_ID, MOVIE_MOVIE_ID, showtimes_date, showtimes_time) values (32, 8, 8, '8/8/2022', '7:25 PM');
insert into TIMES (showtime_ID, CINEMA_CINEMA_ID, MOVIE_MOVIE_ID, showtimes_date, showtimes_time) values (33, 5, 8, '7/15/2022', '10:23 PM');
insert into TIMES (showtime_ID, CINEMA_CINEMA_ID, MOVIE_MOVIE_ID, showtimes_date, showtimes_time) values (34, 8, 6, '4/15/2022', '3:31 PM');
insert into TIMES (showtime_ID, CINEMA_CINEMA_ID, MOVIE_MOVIE_ID, showtimes_date, showtimes_time) values (35, 6, 4, '1/28/2023', '3:28 PM');
insert into TIMES (showtime_ID, CINEMA_CINEMA_ID, MOVIE_MOVIE_ID, showtimes_date, showtimes_time) values (36, 1, 6, '3/23/2022', '4:02 PM');
insert into TIMES (showtime_ID, CINEMA_CINEMA_ID, MOVIE_MOVIE_ID, showtimes_date, showtimes_time) values (37, 6, 4, '8/7/2022', '10:36 PM');
insert into TIMES (showtime_ID, CINEMA_CINEMA_ID, MOVIE_MOVIE_ID, showtimes_date, showtimes_time) values (38, 3, 1, '9/18/2022', '9:16 PM');
insert into TIMES (showtime_ID, CINEMA_CINEMA_ID, MOVIE_MOVIE_ID, showtimes_date, showtimes_time) values (39, 2, 9, '7/4/2022', '8:00 PM');
insert into TIMES (showtime_ID, CINEMA_CINEMA_ID, MOVIE_MOVIE_ID, showtimes_date, showtimes_time) values (40, 2, 6, '4/10/2022', '6:04 PM');
insert into TIMES (showtime_ID, CINEMA_CINEMA_ID, MOVIE_MOVIE_ID, showtimes_date, showtimes_time) values (41, 1, 9, '8/4/2022', '4:23 PM');
insert into TIMES (showtime_ID, CINEMA_CINEMA_ID, MOVIE_MOVIE_ID, showtimes_date, showtimes_time) values (42, 7, 10, '3/27/2022', '5:20 PM');
insert into TIMES (showtime_ID, CINEMA_CINEMA_ID, MOVIE_MOVIE_ID, showtimes_date, showtimes_time) values (43, 4, 5, '6/23/2022', '8:28 PM');
insert into TIMES (showtime_ID, CINEMA_CINEMA_ID, MOVIE_MOVIE_ID, showtimes_date, showtimes_time) values (44, 8, 1, '11/12/2022', '5:47 PM');
insert into TIMES (showtime_ID, CINEMA_CINEMA_ID, MOVIE_MOVIE_ID, showtimes_date, showtimes_time) values (45, 2, 5, '3/23/2022', '2:12 PM');
insert into TIMES (showtime_ID, CINEMA_CINEMA_ID, MOVIE_MOVIE_ID, showtimes_date, showtimes_time) values (46, 5, 4, '6/15/2022', '7:25 PM');
insert into TIMES (showtime_ID, CINEMA_CINEMA_ID, MOVIE_MOVIE_ID, showtimes_date, showtimes_time) values (47, 9, 9, '9/1/2022', '2:39 PM');
insert into TIMES (showtime_ID, CINEMA_CINEMA_ID, MOVIE_MOVIE_ID, showtimes_date, showtimes_time) values (48, 9, 2, '3/22/2022', '7:28 PM');
insert into TIMES (showtime_ID, CINEMA_CINEMA_ID, MOVIE_MOVIE_ID, showtimes_date, showtimes_time) values (49, 1, 5, '12/30/2022', '4:47 PM');
insert into TIMES (showtime_ID, CINEMA_CINEMA_ID, MOVIE_MOVIE_ID, showtimes_date, showtimes_time) values (50, 5, 6, '9/6/2022', '8:37 PM');
insert into TIMES (showtime_ID, CINEMA_CINEMA_ID, MOVIE_MOVIE_ID, showtimes_date, showtimes_time) values (51, 1, 5, '3/23/2022', '3:58 PM');
insert into TIMES (showtime_ID, CINEMA_CINEMA_ID, MOVIE_MOVIE_ID, showtimes_date, showtimes_time) values (52, 9, 5, '10/25/2022', '6:09 PM');
insert into TIMES (showtime_ID, CINEMA_CINEMA_ID, MOVIE_MOVIE_ID, showtimes_date, showtimes_time) values (53, 6, 6, '9/19/2022', '7:37 PM');
insert into TIMES (showtime_ID, CINEMA_CINEMA_ID, MOVIE_MOVIE_ID, showtimes_date, showtimes_time) values (54, 6, 6, '12/19/2022', '7:48 PM');
insert into TIMES (showtime_ID, CINEMA_CINEMA_ID, MOVIE_MOVIE_ID, showtimes_date, showtimes_time) values (55, 1, 10, '3/18/2022', '7:04 PM');
insert into TIMES (showtime_ID, CINEMA_CINEMA_ID, MOVIE_MOVIE_ID, showtimes_date, showtimes_time) values (56, 3, 3, '9/2/2022', '5:48 PM');
insert into TIMES (showtime_ID, CINEMA_CINEMA_ID, MOVIE_MOVIE_ID, showtimes_date, showtimes_time) values (57, 7, 7, '3/27/2022', '8:41 PM');
insert into TIMES (showtime_ID, CINEMA_CINEMA_ID, MOVIE_MOVIE_ID, showtimes_date, showtimes_time) values (58, 6, 1, '2/17/2022', '5:52 PM');
insert into TIMES (showtime_ID, CINEMA_CINEMA_ID, MOVIE_MOVIE_ID, showtimes_date, showtimes_time) values (59, 1, 7, '12/18/2022', '8:12 PM');
insert into TIMES (showtime_ID, CINEMA_CINEMA_ID, MOVIE_MOVIE_ID, showtimes_date, showtimes_time) values (60, 4, 7, '1/3/2023', '5:37 PM');
insert into TIMES (showtime_ID, CINEMA_CINEMA_ID, MOVIE_MOVIE_ID, showtimes_date, showtimes_time) values (61, 3, 6, '11/2/2022', '2:36 PM');
insert into TIMES (showtime_ID, CINEMA_CINEMA_ID, MOVIE_MOVIE_ID, showtimes_date, showtimes_time) values (62, 10, 4, '2/11/2022', '2:29 PM');
insert into TIMES (showtime_ID, CINEMA_CINEMA_ID, MOVIE_MOVIE_ID, showtimes_date, showtimes_time) values (63, 4, 8, '4/23/2022', '3:00 PM');
insert into TIMES (showtime_ID, CINEMA_CINEMA_ID, MOVIE_MOVIE_ID, showtimes_date, showtimes_time) values (64, 5, 7, '10/20/2022', '8:30 PM');
insert into TIMES (showtime_ID, CINEMA_CINEMA_ID, MOVIE_MOVIE_ID, showtimes_date, showtimes_time) values (65, 1, 9, '7/3/2022', '2:48 PM');
insert into TIMES (showtime_ID, CINEMA_CINEMA_ID, MOVIE_MOVIE_ID, showtimes_date, showtimes_time) values (66, 7, 9, '9/26/2022', '4:12 PM');
insert into TIMES (showtime_ID, CINEMA_CINEMA_ID, MOVIE_MOVIE_ID, showtimes_date, showtimes_time) values (67, 2, 9, '9/2/2022', '5:22 PM');
insert into TIMES (showtime_ID, CINEMA_CINEMA_ID, MOVIE_MOVIE_ID, showtimes_date, showtimes_time) values (68, 4, 8, '7/30/2022', '5:05 PM');
insert into TIMES (showtime_ID, CINEMA_CINEMA_ID, MOVIE_MOVIE_ID, showtimes_date, showtimes_time) values (69, 2, 5, '1/4/2023', '5:59 PM');
insert into TIMES (showtime_ID, CINEMA_CINEMA_ID, MOVIE_MOVIE_ID, showtimes_date, showtimes_time) values (70, 10, 1, '2/6/2023', '5:02 PM');
insert into TIMES (showtime_ID, CINEMA_CINEMA_ID, MOVIE_MOVIE_ID, showtimes_date, showtimes_time) values (71, 7, 1, '7/13/2022', '7:29 PM');
insert into TIMES (showtime_ID, CINEMA_CINEMA_ID, MOVIE_MOVIE_ID, showtimes_date, showtimes_time) values (72, 10, 4, '12/14/2022', '7:08 PM');
insert into TIMES (showtime_ID, CINEMA_CINEMA_ID, MOVIE_MOVIE_ID, showtimes_date, showtimes_time) values (73, 10, 4, '12/11/2022', '4:38 PM');
insert into TIMES (showtime_ID, CINEMA_CINEMA_ID, MOVIE_MOVIE_ID, showtimes_date, showtimes_time) values (74, 6, 1, '4/29/2022', '7:52 PM');
insert into TIMES (showtime_ID, CINEMA_CINEMA_ID, MOVIE_MOVIE_ID, showtimes_date, showtimes_time) values (75, 1, 8, '8/10/2022', '3:28 PM');
insert into TIMES (showtime_ID, CINEMA_CINEMA_ID, MOVIE_MOVIE_ID, showtimes_date, showtimes_time) values (76, 3, 2, '10/9/2022', '2:45 PM');
insert into TIMES (showtime_ID, CINEMA_CINEMA_ID, MOVIE_MOVIE_ID, showtimes_date, showtimes_time) values (77, 7, 1, '11/18/2022', '3:14 PM');
insert into TIMES (showtime_ID, CINEMA_CINEMA_ID, MOVIE_MOVIE_ID, showtimes_date, showtimes_time) values (78, 4, 6, '6/16/2022', '8:32 PM');
insert into TIMES (showtime_ID, CINEMA_CINEMA_ID, MOVIE_MOVIE_ID, showtimes_date, showtimes_time) values (79, 9, 4, '6/9/2022', '2:18 PM');
insert into TIMES (showtime_ID, CINEMA_CINEMA_ID, MOVIE_MOVIE_ID, showtimes_date, showtimes_time) values (80, 4, 7, '2/14/2022', '3:38 PM');
insert into TIMES (showtime_ID, CINEMA_CINEMA_ID, MOVIE_MOVIE_ID, showtimes_date, showtimes_time) values (81, 6, 8, '8/30/2022', '8:46 PM');
insert into TIMES (showtime_ID, CINEMA_CINEMA_ID, MOVIE_MOVIE_ID, showtimes_date, showtimes_time) values (82, 6, 5, '3/8/2022', '10:45 PM');
insert into TIMES (showtime_ID, CINEMA_CINEMA_ID, MOVIE_MOVIE_ID, showtimes_date, showtimes_time) values (83, 1, 2, '2/21/2022', '9:56 PM');
insert into TIMES (showtime_ID, CINEMA_CINEMA_ID, MOVIE_MOVIE_ID, showtimes_date, showtimes_time) values (84, 1, 5, '9/20/2022', '7:15 PM');
insert into TIMES (showtime_ID, CINEMA_CINEMA_ID, MOVIE_MOVIE_ID, showtimes_date, showtimes_time) values (85, 7, 2, '10/2/2022', '7:37 PM');
insert into TIMES (showtime_ID, CINEMA_CINEMA_ID, MOVIE_MOVIE_ID, showtimes_date, showtimes_time) values (86, 8, 10, '8/14/2022', '8:21 PM');
insert into TIMES (showtime_ID, CINEMA_CINEMA_ID, MOVIE_MOVIE_ID, showtimes_date, showtimes_time) values (87, 9, 2, '5/21/2022', '4:42 PM');
insert into TIMES (showtime_ID, CINEMA_CINEMA_ID, MOVIE_MOVIE_ID, showtimes_date, showtimes_time) values (88, 4, 1, '2/1/2023', '3:07 PM');
insert into TIMES (showtime_ID, CINEMA_CINEMA_ID, MOVIE_MOVIE_ID, showtimes_date, showtimes_time) values (89, 3, 8, '11/5/2022', '3:33 PM');
insert into TIMES (showtime_ID, CINEMA_CINEMA_ID, MOVIE_MOVIE_ID, showtimes_date, showtimes_time) values (90, 1, 3, '10/5/2022', '4:30 PM');
insert into TIMES (showtime_ID, CINEMA_CINEMA_ID, MOVIE_MOVIE_ID, showtimes_date, showtimes_time) values (91, 8, 1, '12/13/2022', '8:29 PM');
insert into TIMES (showtime_ID, CINEMA_CINEMA_ID, MOVIE_MOVIE_ID, showtimes_date, showtimes_time) values (92, 2, 5, '8/14/2022', '5:23 PM');
insert into TIMES (showtime_ID, CINEMA_CINEMA_ID, MOVIE_MOVIE_ID, showtimes_date, showtimes_time) values (93, 6, 3, '4/28/2022', '5:14 PM');
insert into TIMES (showtime_ID, CINEMA_CINEMA_ID, MOVIE_MOVIE_ID, showtimes_date, showtimes_time) values (94, 2, 8, '3/30/2022', '3:24 PM');
insert into TIMES (showtime_ID, CINEMA_CINEMA_ID, MOVIE_MOVIE_ID, showtimes_date, showtimes_time) values (95, 7, 4, '10/6/2022', '7:46 PM');
insert into TIMES (showtime_ID, CINEMA_CINEMA_ID, MOVIE_MOVIE_ID, showtimes_date, showtimes_time) values (96, 1, 2, '9/17/2022', '6:20 PM');
insert into TIMES (showtime_ID, CINEMA_CINEMA_ID, MOVIE_MOVIE_ID, showtimes_date, showtimes_time) values (97, 5, 3, '5/5/2022', '6:08 PM');
insert into TIMES (showtime_ID, CINEMA_CINEMA_ID, MOVIE_MOVIE_ID, showtimes_date, showtimes_time) values (98, 8, 10, '5/22/2022', '6:10 PM');
insert into TIMES (showtime_ID, CINEMA_CINEMA_ID, MOVIE_MOVIE_ID, showtimes_date, showtimes_time) values (99, 7, 3, '6/11/2022', '9:25 PM');
insert into TIMES (showtime_ID, CINEMA_CINEMA_ID, MOVIE_MOVIE_ID, showtimes_date, showtimes_time) values (100, 5, 10, '11/15/2022', '10:34 PM');
insert into TIMES (showtime_ID, CINEMA_CINEMA_ID, MOVIE_MOVIE_ID, showtimes_date, showtimes_time) values (101, 4, 9, '10/20/2022', '4:33 PM');
insert into TIMES (showtime_ID, CINEMA_CINEMA_ID, MOVIE_MOVIE_ID, showtimes_date, showtimes_time) values (102, 3, 2, '8/17/2022', '2:18 PM');
insert into TIMES (showtime_ID, CINEMA_CINEMA_ID, MOVIE_MOVIE_ID, showtimes_date, showtimes_time) values (103, 7, 10, '10/3/2022', '4:06 PM');
insert into TIMES (showtime_ID, CINEMA_CINEMA_ID, MOVIE_MOVIE_ID, showtimes_date, showtimes_time) values (104, 2, 5, '9/7/2022', '10:10 PM');
insert into TIMES (showtime_ID, CINEMA_CINEMA_ID, MOVIE_MOVIE_ID, showtimes_date, showtimes_time) values (105, 2, 5, '8/5/2022', '3:05 PM');
insert into TIMES (showtime_ID, CINEMA_CINEMA_ID, MOVIE_MOVIE_ID, showtimes_date, showtimes_time) values (106, 8, 10, '5/19/2022', '7:23 PM');
insert into TIMES (showtime_ID, CINEMA_CINEMA_ID, MOVIE_MOVIE_ID, showtimes_date, showtimes_time) values (107, 1, 7, '10/10/2022', '5:18 PM');
insert into TIMES (showtime_ID, CINEMA_CINEMA_ID, MOVIE_MOVIE_ID, showtimes_date, showtimes_time) values (108, 1, 1, '12/23/2022', '4:37 PM');
insert into TIMES (showtime_ID, CINEMA_CINEMA_ID, MOVIE_MOVIE_ID, showtimes_date, showtimes_time) values (109, 10, 10, '11/24/2022', '7:11 PM');
insert into TIMES (showtime_ID, CINEMA_CINEMA_ID, MOVIE_MOVIE_ID, showtimes_date, showtimes_time) values (110, 9, 1, '9/1/2022', '3:38 PM');
insert into TIMES (showtime_ID, CINEMA_CINEMA_ID, MOVIE_MOVIE_ID, showtimes_date, showtimes_time) values (111, 3, 7, '9/6/2022', '8:37 PM');
insert into TIMES (showtime_ID, CINEMA_CINEMA_ID, MOVIE_MOVIE_ID, showtimes_date, showtimes_time) values (112, 5, 6, '6/17/2022', '4:12 PM');
insert into TIMES (showtime_ID, CINEMA_CINEMA_ID, MOVIE_MOVIE_ID, showtimes_date, showtimes_time) values (113, 4, 9, '11/20/2022', '3:35 PM');
insert into TIMES (showtime_ID, CINEMA_CINEMA_ID, MOVIE_MOVIE_ID, showtimes_date, showtimes_time) values (114, 2, 3, '6/26/2022', '8:15 PM');
insert into TIMES (showtime_ID, CINEMA_CINEMA_ID, MOVIE_MOVIE_ID, showtimes_date, showtimes_time) values (115, 2, 10, '12/30/2022', '7:50 PM');
insert into TIMES (showtime_ID, CINEMA_CINEMA_ID, MOVIE_MOVIE_ID, showtimes_date, showtimes_time) values (116, 3, 6, '1/25/2023', '7:52 PM');
insert into TIMES (showtime_ID, CINEMA_CINEMA_ID, MOVIE_MOVIE_ID, showtimes_date, showtimes_time) values (117, 2, 10, '5/7/2022', '3:28 PM');
insert into TIMES (showtime_ID, CINEMA_CINEMA_ID, MOVIE_MOVIE_ID, showtimes_date, showtimes_time) values (118, 5, 10, '6/15/2022', '3:47 PM');
insert into TIMES (showtime_ID, CINEMA_CINEMA_ID, MOVIE_MOVIE_ID, showtimes_date, showtimes_time) values (119, 2, 7, '3/29/2022', '9:34 PM');
insert into TIMES (showtime_ID, CINEMA_CINEMA_ID, MOVIE_MOVIE_ID, showtimes_date, showtimes_time) values (120, 6, 4, '7/24/2022', '9:24 PM');
insert into TIMES (showtime_ID, CINEMA_CINEMA_ID, MOVIE_MOVIE_ID, showtimes_date, showtimes_time) values (121, 9, 7, '8/4/2022', '6:49 PM');
insert into TIMES (showtime_ID, CINEMA_CINEMA_ID, MOVIE_MOVIE_ID, showtimes_date, showtimes_time) values (122, 2, 1, '7/26/2022', '8:12 PM');
insert into TIMES (showtime_ID, CINEMA_CINEMA_ID, MOVIE_MOVIE_ID, showtimes_date, showtimes_time) values (123, 9, 6, '12/10/2022', '9:32 PM');
insert into TIMES (showtime_ID, CINEMA_CINEMA_ID, MOVIE_MOVIE_ID, showtimes_date, showtimes_time) values (124, 3, 6, '2/14/2022', '10:38 PM');
insert into TIMES (showtime_ID, CINEMA_CINEMA_ID, MOVIE_MOVIE_ID, showtimes_date, showtimes_time) values (125, 8, 4, '7/26/2022', '3:11 PM');
insert into TIMES (showtime_ID, CINEMA_CINEMA_ID, MOVIE_MOVIE_ID, showtimes_date, showtimes_time) values (126, 6, 5, '1/19/2023', '6:46 PM');
insert into TIMES (showtime_ID, CINEMA_CINEMA_ID, MOVIE_MOVIE_ID, showtimes_date, showtimes_time) values (127, 7, 3, '5/29/2022', '2:21 PM');
insert into TIMES (showtime_ID, CINEMA_CINEMA_ID, MOVIE_MOVIE_ID, showtimes_date, showtimes_time) values (128, 8, 7, '7/12/2022', '6:25 PM');
insert into TIMES (showtime_ID, CINEMA_CINEMA_ID, MOVIE_MOVIE_ID, showtimes_date, showtimes_time) values (129, 5, 1, '2/26/2022', '9:50 PM');
insert into TIMES (showtime_ID, CINEMA_CINEMA_ID, MOVIE_MOVIE_ID, showtimes_date, showtimes_time) values (130, 4, 9, '6/14/2022', '4:30 PM');
insert into TIMES (showtime_ID, CINEMA_CINEMA_ID, MOVIE_MOVIE_ID, showtimes_date, showtimes_time) values (131, 9, 5, '3/2/2022', '8:11 PM');
insert into TIMES (showtime_ID, CINEMA_CINEMA_ID, MOVIE_MOVIE_ID, showtimes_date, showtimes_time) values (132, 10, 6, '3/28/2022', '4:00 PM');
insert into TIMES (showtime_ID, CINEMA_CINEMA_ID, MOVIE_MOVIE_ID, showtimes_date, showtimes_time) values (133, 3, 4, '8/8/2022', '8:20 PM');
insert into TIMES (showtime_ID, CINEMA_CINEMA_ID, MOVIE_MOVIE_ID, showtimes_date, showtimes_time) values (134, 5, 6, '11/26/2022', '5:12 PM');
insert into TIMES (showtime_ID, CINEMA_CINEMA_ID, MOVIE_MOVIE_ID, showtimes_date, showtimes_time) values (135, 5, 6, '7/16/2022', '7:40 PM');
insert into TIMES (showtime_ID, CINEMA_CINEMA_ID, MOVIE_MOVIE_ID, showtimes_date, showtimes_time) values (136, 1, 7, '3/24/2022', '7:32 PM');
insert into TIMES (showtime_ID, CINEMA_CINEMA_ID, MOVIE_MOVIE_ID, showtimes_date, showtimes_time) values (137, 5, 1, '7/8/2022', '3:28 PM');
insert into TIMES (showtime_ID, CINEMA_CINEMA_ID, MOVIE_MOVIE_ID, showtimes_date, showtimes_time) values (138, 6, 4, '10/22/2022', '5:42 PM');
insert into TIMES (showtime_ID, CINEMA_CINEMA_ID, MOVIE_MOVIE_ID, showtimes_date, showtimes_time) values (139, 2, 9, '3/31/2022', '6:45 PM');
insert into TIMES (showtime_ID, CINEMA_CINEMA_ID, MOVIE_MOVIE_ID, showtimes_date, showtimes_time) values (140, 4, 9, '6/7/2022', '5:02 PM');
insert into TIMES (showtime_ID, CINEMA_CINEMA_ID, MOVIE_MOVIE_ID, showtimes_date, showtimes_time) values (141, 10, 5, '2/20/2022', '10:28 PM');
insert into TIMES (showtime_ID, CINEMA_CINEMA_ID, MOVIE_MOVIE_ID, showtimes_date, showtimes_time) values (142, 8, 1, '10/8/2022', '8:53 PM');
insert into TIMES (showtime_ID, CINEMA_CINEMA_ID, MOVIE_MOVIE_ID, showtimes_date, showtimes_time) values (143, 4, 10, '7/28/2022', '5:49 PM');
insert into TIMES (showtime_ID, CINEMA_CINEMA_ID, MOVIE_MOVIE_ID, showtimes_date, showtimes_time) values (144, 6, 3, '12/7/2022', '9:48 PM');
insert into TIMES (showtime_ID, CINEMA_CINEMA_ID, MOVIE_MOVIE_ID, showtimes_date, showtimes_time) values (145, 2, 10, '1/17/2023', '10:05 PM');
insert into TIMES (showtime_ID, CINEMA_CINEMA_ID, MOVIE_MOVIE_ID, showtimes_date, showtimes_time) values (146, 4, 4, '7/4/2022', '4:07 PM');
insert into TIMES (showtime_ID, CINEMA_CINEMA_ID, MOVIE_MOVIE_ID, showtimes_date, showtimes_time) values (147, 5, 7, '4/20/2022', '4:57 PM');
insert into TIMES (showtime_ID, CINEMA_CINEMA_ID, MOVIE_MOVIE_ID, showtimes_date, showtimes_time) values (148, 8, 8, '1/20/2023', '2:00 PM');
insert into TIMES (showtime_ID, CINEMA_CINEMA_ID, MOVIE_MOVIE_ID, showtimes_date, showtimes_time) values (149, 5, 9, '1/12/2023', '3:04 PM');
insert into TIMES (showtime_ID, CINEMA_CINEMA_ID, MOVIE_MOVIE_ID, showtimes_date, showtimes_time) values (150, 2, 7, '7/20/2022', '10:43 PM');
insert into TIMES (showtime_ID, CINEMA_CINEMA_ID, MOVIE_MOVIE_ID, showtimes_date, showtimes_time) values (151, 4, 6, '7/31/2022', '4:38 PM');
insert into TIMES (showtime_ID, CINEMA_CINEMA_ID, MOVIE_MOVIE_ID, showtimes_date, showtimes_time) values (152, 5, 9, '4/30/2022', '6:15 PM');
insert into TIMES (showtime_ID, CINEMA_CINEMA_ID, MOVIE_MOVIE_ID, showtimes_date, showtimes_time) values (153, 5, 3, '10/23/2022', '4:19 PM');
insert into TIMES (showtime_ID, CINEMA_CINEMA_ID, MOVIE_MOVIE_ID, showtimes_date, showtimes_time) values (154, 8, 6, '2/11/2022', '3:40 PM');
insert into TIMES (showtime_ID, CINEMA_CINEMA_ID, MOVIE_MOVIE_ID, showtimes_date, showtimes_time) values (155, 7, 4, '2/16/2022', '9:43 PM');
insert into TIMES (showtime_ID, CINEMA_CINEMA_ID, MOVIE_MOVIE_ID, showtimes_date, showtimes_time) values (156, 3, 3, '6/11/2022', '5:44 PM');
insert into TIMES (showtime_ID, CINEMA_CINEMA_ID, MOVIE_MOVIE_ID, showtimes_date, showtimes_time) values (157, 5, 7, '1/30/2023', '8:19 PM');
insert into TIMES (showtime_ID, CINEMA_CINEMA_ID, MOVIE_MOVIE_ID, showtimes_date, showtimes_time) values (158, 6, 8, '5/31/2022', '2:15 PM');
insert into TIMES (showtime_ID, CINEMA_CINEMA_ID, MOVIE_MOVIE_ID, showtimes_date, showtimes_time) values (159, 10, 8, '12/23/2022', '4:54 PM');
insert into TIMES (showtime_ID, CINEMA_CINEMA_ID, MOVIE_MOVIE_ID, showtimes_date, showtimes_time) values (160, 1, 3, '7/18/2022', '3:24 PM');
insert into TIMES (showtime_ID, CINEMA_CINEMA_ID, MOVIE_MOVIE_ID, showtimes_date, showtimes_time) values (161, 9, 7, '8/3/2022', '3:40 PM');
insert into TIMES (showtime_ID, CINEMA_CINEMA_ID, MOVIE_MOVIE_ID, showtimes_date, showtimes_time) values (162, 8, 9, '4/19/2022', '5:40 PM');
insert into TIMES (showtime_ID, CINEMA_CINEMA_ID, MOVIE_MOVIE_ID, showtimes_date, showtimes_time) values (163, 7, 9, '6/17/2022', '3:35 PM');
insert into TIMES (showtime_ID, CINEMA_CINEMA_ID, MOVIE_MOVIE_ID, showtimes_date, showtimes_time) values (164, 7, 1, '8/11/2022', '10:11 PM');
insert into TIMES (showtime_ID, CINEMA_CINEMA_ID, MOVIE_MOVIE_ID, showtimes_date, showtimes_time) values (165, 7, 3, '12/8/2022', '7:42 PM');
insert into TIMES (showtime_ID, CINEMA_CINEMA_ID, MOVIE_MOVIE_ID, showtimes_date, showtimes_time) values (166, 4, 8, '10/3/2022', '3:49 PM');
insert into TIMES (showtime_ID, CINEMA_CINEMA_ID, MOVIE_MOVIE_ID, showtimes_date, showtimes_time) values (167, 10, 2, '1/2/2023', '6:57 PM');
insert into TIMES (showtime_ID, CINEMA_CINEMA_ID, MOVIE_MOVIE_ID, showtimes_date, showtimes_time) values (168, 4, 6, '1/4/2023', '9:06 PM');
insert into TIMES (showtime_ID, CINEMA_CINEMA_ID, MOVIE_MOVIE_ID, showtimes_date, showtimes_time) values (169, 2, 2, '11/19/2022', '5:16 PM');
insert into TIMES (showtime_ID, CINEMA_CINEMA_ID, MOVIE_MOVIE_ID, showtimes_date, showtimes_time) values (170, 6, 7, '11/6/2022', '3:39 PM');
insert into TIMES (showtime_ID, CINEMA_CINEMA_ID, MOVIE_MOVIE_ID, showtimes_date, showtimes_time) values (171, 5, 5, '7/28/2022', '4:17 PM');
insert into TIMES (showtime_ID, CINEMA_CINEMA_ID, MOVIE_MOVIE_ID, showtimes_date, showtimes_time) values (172, 7, 9, '2/20/2022', '5:03 PM');
insert into TIMES (showtime_ID, CINEMA_CINEMA_ID, MOVIE_MOVIE_ID, showtimes_date, showtimes_time) values (173, 5, 8, '4/12/2022', '7:26 PM');
insert into TIMES (showtime_ID, CINEMA_CINEMA_ID, MOVIE_MOVIE_ID, showtimes_date, showtimes_time) values (174, 6, 8, '5/10/2022', '7:49 PM');
insert into TIMES (showtime_ID, CINEMA_CINEMA_ID, MOVIE_MOVIE_ID, showtimes_date, showtimes_time) values (175, 10, 4, '10/16/2022', '5:47 PM');
insert into TIMES (showtime_ID, CINEMA_CINEMA_ID, MOVIE_MOVIE_ID, showtimes_date, showtimes_time) values (176, 6, 9, '12/25/2022', '6:15 PM');
insert into TIMES (showtime_ID, CINEMA_CINEMA_ID, MOVIE_MOVIE_ID, showtimes_date, showtimes_time) values (177, 3, 5, '12/14/2022', '5:28 PM');
insert into TIMES (showtime_ID, CINEMA_CINEMA_ID, MOVIE_MOVIE_ID, showtimes_date, showtimes_time) values (178, 6, 2, '1/4/2023', '6:18 PM');
insert into TIMES (showtime_ID, CINEMA_CINEMA_ID, MOVIE_MOVIE_ID, showtimes_date, showtimes_time) values (179, 3, 6, '5/21/2022', '8:51 PM');
insert into TIMES (showtime_ID, CINEMA_CINEMA_ID, MOVIE_MOVIE_ID, showtimes_date, showtimes_time) values (180, 9, 9, '2/6/2023', '3:03 PM');
insert into TIMES (showtime_ID, CINEMA_CINEMA_ID, MOVIE_MOVIE_ID, showtimes_date, showtimes_time) values (181, 10, 9, '3/9/2022', '6:46 PM');
insert into TIMES (showtime_ID, CINEMA_CINEMA_ID, MOVIE_MOVIE_ID, showtimes_date, showtimes_time) values (182, 8, 4, '11/3/2022', '10:03 PM');
insert into TIMES (showtime_ID, CINEMA_CINEMA_ID, MOVIE_MOVIE_ID, showtimes_date, showtimes_time) values (183, 1, 8, '11/20/2022', '9:27 PM');
insert into TIMES (showtime_ID, CINEMA_CINEMA_ID, MOVIE_MOVIE_ID, showtimes_date, showtimes_time) values (184, 4, 8, '11/1/2022', '3:33 PM');
insert into TIMES (showtime_ID, CINEMA_CINEMA_ID, MOVIE_MOVIE_ID, showtimes_date, showtimes_time) values (185, 7, 10, '8/26/2022', '6:22 PM');
insert into TIMES (showtime_ID, CINEMA_CINEMA_ID, MOVIE_MOVIE_ID, showtimes_date, showtimes_time) values (186, 10, 9, '6/28/2022', '6:51 PM');
insert into TIMES (showtime_ID, CINEMA_CINEMA_ID, MOVIE_MOVIE_ID, showtimes_date, showtimes_time) values (187, 10, 9, '2/2/2023', '5:50 PM');
insert into TIMES (showtime_ID, CINEMA_CINEMA_ID, MOVIE_MOVIE_ID, showtimes_date, showtimes_time) values (188, 4, 2, '5/25/2022', '10:06 PM');
insert into TIMES (showtime_ID, CINEMA_CINEMA_ID, MOVIE_MOVIE_ID, showtimes_date, showtimes_time) values (189, 5, 9, '10/11/2022', '9:30 PM');
insert into TIMES (showtime_ID, CINEMA_CINEMA_ID, MOVIE_MOVIE_ID, showtimes_date, showtimes_time) values (190, 9, 1, '7/25/2022', '8:54 PM');
insert into TIMES (showtime_ID, CINEMA_CINEMA_ID, MOVIE_MOVIE_ID, showtimes_date, showtimes_time) values (191, 8, 3, '1/14/2023', '5:28 PM');
insert into TIMES (showtime_ID, CINEMA_CINEMA_ID, MOVIE_MOVIE_ID, showtimes_date, showtimes_time) values (192, 8, 7, '11/15/2022', '8:33 PM');
insert into TIMES (showtime_ID, CINEMA_CINEMA_ID, MOVIE_MOVIE_ID, showtimes_date, showtimes_time) values (193, 8, 1, '12/12/2022', '4:08 PM');
insert into TIMES (showtime_ID, CINEMA_CINEMA_ID, MOVIE_MOVIE_ID, showtimes_date, showtimes_time) values (194, 4, 8, '3/17/2022', '2:04 PM');
insert into TIMES (showtime_ID, CINEMA_CINEMA_ID, MOVIE_MOVIE_ID, showtimes_date, showtimes_time) values (195, 4, 6, '3/9/2022', '8:41 PM');
insert into TIMES (showtime_ID, CINEMA_CINEMA_ID, MOVIE_MOVIE_ID, showtimes_date, showtimes_time) values (196, 2, 8, '9/4/2022', '5:31 PM');
insert into TIMES (showtime_ID, CINEMA_CINEMA_ID, MOVIE_MOVIE_ID, showtimes_date, showtimes_time) values (197, 5, 3, '10/17/2022', '7:36 PM');
insert into TIMES (showtime_ID, CINEMA_CINEMA_ID, MOVIE_MOVIE_ID, showtimes_date, showtimes_time) values (198, 8, 8, '5/18/2022', '3:15 PM');
insert into TIMES (showtime_ID, CINEMA_CINEMA_ID, MOVIE_MOVIE_ID, showtimes_date, showtimes_time) values (199, 2, 1, '5/22/2022', '4:41 PM');
insert into TIMES (showtime_ID, CINEMA_CINEMA_ID, MOVIE_MOVIE_ID, showtimes_date, showtimes_time) values (200, 3, 10, '2/6/2023', '9:42 PM');
